001-01;01016,01024,01029,01038,01040,01050,01057,01065,01069,01072,01094,01095,01102,01106,01108,01115,01124,01125,01127,01128,01130,01139,01140,01145,01147,01150,01151,01154,01163,01172,01175,01177,01184,01195,01196,01197,01212,01229,01230,01232,01236,01241,01245,01259,01266,01273,01284,01296,01301,01304,01305,01309,01312,01314,01317,01321,01323,01337,01344,01346,01350,01352,01364,01367,01374,01375,01380,01387,01388,01391,01402,01406,01408,01422,01425,01426,01429,01430,01432,01433,01437,01445,01447,01451
001-04;01001,01005,01023,01025,01026,01028,01042,01045,01046,01052,01074,01075,01083,01084,01085,01090,01092,01093,01096,01113,01123,01129,01134,01136,01144,01146,01157,01159,01165,01167,01169,01179,01183,01188,01203,01207,01211,01225,01231,01235,01243,01246,01252,01254,01258,01261,01263,01264,01272,01289,01291,01295,01299,01306,01319,01320,01328,01332,01334,01335,01336,01343,01348,01351,01355,01356,01359,01365,01368,01369,01370,01371,01381,01382,01383,01385,01389,01393,01398,01405,01412,01420,01428,01434,01439,01443,01446,01449,01457
006-01;
006-02;06001,06002,06003,06005,06008,06009,06016,06017,06021,06022,06024,06025,06026,06028,06033,06040,06041,06045,06047,06050,06051,06052,06053,06056,06058,06061,06063,06064,06065,06066,06070,06071,06076,06078,06081,06082,06087,06093,06094,06095,06096,06097,06098,06099,06100,06101,06106,06107,06115,06116,06118,06122,06124,06125,06130,06131,06133,06134,06135,06137,06139,06140,06141,06143,06144,06145,06146,06154,06157,06158,06160
006-03;06060,06114,06149
006-05;06006,06013,06020,06034,06042,06046,06055,06072,06073,06074,06075,06080,06102,06103,06109,06110,06111,06117,06119,06120,06126,06127,06129,06147,06151,06153,06156
006-07;06004,06010,06018,06037,06038,06049,06068,06089,06105,06112,06148,06152
006-08;06029,06079,06138
006-09;06007,06030,06084,06085,06090,06108
008-01;08001,08003,08004,08005,08008,08010,08014,08015,08016,08021,08024,08026,08027,08030,08032,08037,08038,08039,08040,08041,08042,08044,08046,08047,08048,08060,08062,08064,08066,08069,08070,08073,08076,08079,08080,08084,08087,08094,08095,08096,08099,08100,08102,08107,08111,08113,08117,08124,08126,08132,08133,08140,08141,08143,08144,08146,08148,08149,08150,08152,08154,08156,08158,08163,08165,08167,08169,08172,08173,08178,08180,08182,08187,08189,08192,08195,08196,08199,08201,08203,08205,08208,08209,08210,08219,08225,08228,08229,08234,08235,08236,08239,08240,08243,08248,08251,08254,08257,08262,08263,08272,08273,08277,08283,08286,08287,08288,08295,08298,08305,08306,08307,08313,08314,08315,08318,08319,08320,08323,08324,08327,08329,08330,08334,08335,08339,08340,08341,08344,08348,08352,08356,08360,08362,08366,08368,08369,08370,08372,08373,08380,08381,08382,08385,08386,08388,08395,08396,08397,08400,08402,08403,08404,08413,08415,08416,08418,08419,08420,08422,08426,08427,08428,08435,08438,08440,08449,08451,08452,08454,08465,08467,08468,08469,08472,08473,08476,08478,08479,08480,08482,08483,08484,08488,08492,08496,08499,08500,08503
008-02;08011,08022,08028,08058,08071,08078,08081,08106,08110,08121,08122,08125,08137,08139,08155,08160,08162,08166,08175,08183,08185,08188,08190,08202,08206,08207,08212,08214,08216,08217,08218,08222,08226,08230,08237,08242,08247,08249,08260,08282,08284,08297,08302,08304,08312,08316,08322,08328,08346,08353,08355,08358,08361,08363,08365,08367,08389,08408,08417,08429,08432,08436,08448,08450,08456,08457,08460,08486,08487,08497,08498
010-01;10002,10004,10005,10006,10007,10008,10010,10011,10012,10014,10015,10017,10019,10021,10026,10027,10032,10033,10035,10039,10041,10043,10044,10045,10046,10047,10048,10050,10052,10056,10059,10061,10063,10064,10065,10069,10071,10072,10073,10075,10076,10077,10078,10082,10084,10086,10089,10090,10091,10093,10094,10095,10097,10101,10102,10103,10105,10113,10115,10117,10119,10121,10123,10126,10127,10128,10129,10130,10131,10132,10135,10136,10137,10138,10139,10141,10144,10149,10150,10151,10155,10160,10161,10163,10165,10166,10167,10171,10172,10174,10175,10176,10178,10180,10182,10183,10184,10187,10189,10191,10192,10193,10194,10195,10197,10199,10200,10203,10205,10206,10207,10210,10213,10214,10215,10216,10217,10219,10221,10228,10230,10233,10234,10235,10236,10239,10242,10243,10250,10252,10253,10256,10257,10258,10264,10267,10269,10270,10272,10273,10279,10283,10285,10286,10287,10289,10293,10297,10299,10300,10303,10304,10305,10306,10310,10313,10314,10315,10316,10320,10326,10327,10328,10330,10336,10337,10338,10345,10346,10352,10353,10354,10356,10357,10361,10364,10365,10366,10368,10369,10372,10374,10376,10377,10378,10379,10380,10384,10386,10389,10390,10391,10392,10393,10397,10398,10400,10401,10403,10404,10405,10408,10409,10411,10412,10423,10424,10426,10428,10429,10430,10436,10438,10439,10440,10442,10445
010-02;10003,10009,10013,10018,10022,10024,10025,10028,10029,10034,10037,10040,10042,10049,10051,10053,10055,10058,10060,10062,10066,10067,10068,10070,10074,10079,10080,10083,10087,10092,10096,10098,10099,10100,10104,10107,10108,10109,10110,10111,10112,10116,10118,10120,10122,10133,10140,10142,10143,10147,10156,10158,10159,10162,10168,10170,10173,10177,10179,10181,10185,10186,10188,10190,10196,10198,10201,10202,10204,10209,10212,10218,10222,10226,10227,10229,10232,10238,10240,10241,10245,10246,10247,10249,10251,10255,10260,10261,10262,10263,10266,10276,10278,10288,10294,10295,10296,10302,10307,10309,10312,10317,10319,10324,10325,10329,10331,10332,10333,10335,10340,10342,10343,10344,10350,10358,10359,10360,10363,10371,10373,10375,10388,10394,10395,10396,10399,10402,10406,10415,10416,10417,10418,10419,10422,10425,10427,10431,10432,10433,10434,10435,10437,10441,10443,10444
010-03;10020,10023,10030,10031,10038,10054,10057,10081,10085,10106,10114,10124,10125,10134,10145,10146,10148,10153,10154,10157,10164,10169,10208,10211,10220,10223,10224,10225,10231,10237,10248,10254,10259,10265,10268,10271,10274,10275,10277,10280,10281,10282,10284,10290,10291,10298,10301,10308,10318,10321,10323,10334,10339,10341,10347,10348,10349,10351,10355,10362,10367,10370,10381,10382,10383,10410,10414,10420,10421
011-01;11001,11006,11012,11013,11022,11023,11025,11027,11037,11041,11042,11043,11048,11056,11064,11068,11071,11075,11077,11079,11081,11085,11088,11092,11095,11098,11099,11102,11110,11111,11122,11124,11125,11126,11132,11140,11146,11148,11151,11152,11154,11157,11164,11172,11174,11176,11180,11190,11194,11198,11200,11201,11203,11205,11210,11212,11215,11220,11221,11222,11223,11232,11233,11241,11248,11256,11257,11261,11267,11269,11272,11273,11279,11280,11286,11296,11297,11301,11305,11315,11318,11319,11324,11330,11332,11337,11342,11345,11351,11353,11360,11366,11368,11369,11372,11390,11391,11393,11395,11396,11397,11405,11410,11411,11413,11416,11422,11425,11426,11429,11431,11433,11436
011-03;11002,11003,11004,11005,11007,11008,11009,11010,11011,11015,11016,11017,11018,11019,11020,11021,11026,11028,11029,11030,11031,11032,11033,11034,11035,11036,11038,11039,11044,11045,11046,11047,11049,11050,11051,11052,11053,11054,11055,11057,11058,11059,11060,11061,11062,11063,11065,11066,11070,11072,11073,11074,11076,11078,11080,11082,11083,11084,11087,11089,11090,11091,11093,11094,11096,11097,11100,11101,11103,11104,11105,11107,11108,11109,11112,11113,11114,11115,11117,11118,11119,11120,11121,11123,11127,11128,11129,11130,11131,11133,11134,11135,11136,11137,11138,11139,11141,11142,11147,11149,11150,11153,11155,11156,11158,11159,11160,11161,11162,11163,11165,11166,11167,11168,11169,11171,11173,11175,11177,11178,11179,11181,11182,11183,11184,11185,11186,11187,11189,11191,11192,11193,11195,11196,11197,11199,11204,11206,11207,11208,11209,11211,11213,11214,11216,11218,11219,11224,11225,11226,11227,11228,11229,11230,11231,11234,11235,11236,11238,11239,11240,11242,11243,11244,11245,11246,11247,11249,11250,11251,11252,11253,11254,11259,11260,11263,11265,11268,11270,11271,11274,11275,11276,11277,11278,11281,11282,11283,11284,11287,11288,11289,11290,11291,11292,11293,11294,11298,11299,11300,11302,11303,11304,11306,11308,11309,11310,11311,11312,11313,11314,11316,11317,11320,11321,11323,11325,11326,11327,11328,11329,11331,11333,11334,11335,11336,11338,11339,11340,11341,11343,11344,11346,11347,11348,11350,11352,11354,11355,11356,11357,11358,11359,11361,11362,11363,11364,11365,11367,11371,11373,11374,11375,11376,11377,11378,11380,11381,11382,11383,11384,11385,11386,11387,11388,11389,11392,11394,11399,11400,11401,11402,11404,11406,11407,11408,11409,11412,11414,11415,11417,11418,11419,11420,11423,11424,11427,11428,11430,11432,11434,11435,11437,11438,11439,11440
013-01;
013-02;
013-03;
013-04;
013-05;
013-06;
013-07;
013-11;13019,13032,13071,13106
013-13;13039,13056,13077,13078,13098
013-14;13012,13025,13040,13048,13059,13072,13074,13079,13080,13087,13090,13095,13099,13109,13110,13111,13113
013-16;13004,13017,13038,13057,13061,13063,13094,13096,13097,13108
014-01;14026,14030,14098,14101,14109,14135,14137,14157,14205,14232,14271,14278,14311,14348,14380,14383,14423,14438,14454,14525,14543,14566,14568,14587,14610,14661,14684,14692,14734
014-02;14020,14036,14119,14134,14163,14181,14215,14221,14237,14242,14301,14327,14341,14344,14437,14637,14640,14651,14666,14698,14712,14761
017-04;17002,17005,17006,17015,17016,17020,17027,17033,17034,17038,17039,17044,17047,17050,17052,17054,17055,17056,17060,17061,17066,17068,17069,17074,17076,17077,17078,17081,17082,17084,17092,17095,17096,17098,17099,17104,17106,17108,17110,17111,17113,17115,17116,17118,17122,17129,17130,17131,17133,17145,17152,17156,17159,17160,17163,17167,17172,17173,17175,17178,17183,17187,17191,17192,17196,17197,17199,17204,17209,17210,17215,17220,17227,17229,17230,17231,17232,17233,17236,17238,17240,17241,17242,17243,17244,17248,17249,17250,17258,17259,17260,17263,17269,17270,17273,17276,17279,17281,17282,17283,17287,17295,17296,17298,17304,17305,17309,17310,17312,17316,17317,17319,17324,17325,17326,17328,17331,17332,17333,17335,17339,17341,17342,17343,17345,17354,17355,17357,17362,17363,17364,17365,17366,17371,17372,17378,17379,17386,17388,17390,17392,17398,17400,17402,17403,17404,17405,17410,17417,17418,17423,17424,17425,17430,17432,17433,17437,17438,17441,17442,17454,17458,17468,17469,17476,17479
017-05;17021,17030,17036,17045,17058,17064,17075,17079,17083,17093,17097,17112,17119,17120,17134,17140,17146,17151,17154,17155,17171,17174,17184,17185,17189,17214,17216,17219,17225,17228,17237,17246,17247,17253,17255,17265,17278,17280,17284,17285,17302,17307,17308,17311,17320,17323,17329,17330,17337,17346,17348,17351,17375,17380,17385,17387,17389,17393,17406,17408,17409,17411,17421,17429,17431,17445,17449,17452,17453,17455,17461,17484,17485,17486
018-01;18001,18003,18004,18011,18014,18015,18016,18019,18020,18022,18026,18030,18032,18035,18037,18039,18047,18051,18067,18070,18074,18079,18084,18088,18094,18097,18098,18109,18111,18115,18116,18117,18125,18144,18145,18146,18147,18149,18151,18156,18162,18163,18168,18170,18176,18179,18185,18189,18194,18200,18202,18206,18208,18211,18213,18223,18226,18227,18229,18233,18235,18241,18243,18246,18249,18253,18256,18257,18258,18259,18262,18264,18269,18271,18272,18274,18280,18284,18287
018-02;18005,18028,18036,18044,18050,18055,18064,18066,18085,18096,18100,18103,18124,18128,18133,18134,18137,18138,18140,18141,18148,18150,18157,18159,18165,18167,18181,18182,18186,18188,18190,18198,18205,18207,18210,18214,18219,18228,18237,18244,18255,18263,18279,18281,18285,18290
018-03;18002,18006,18007,18008,18009,18010,18012,18013,18017,18018,18021,18023,18024,18025,18027,18029,18031,18034,18038,18040,18041,18042,18043,18045,18046,18048,18049,18052,18053,18054,18056,18057,18058,18059,18060,18061,18062,18063,18065,18068,18069,18071,18072,18073,18075,18076,18077,18078,18080,18081,18082,18083,18086,18087,18089,18090,18091,18092,18093,18095,18099,18101,18102,18104,18105,18106,18107,18108,18110,18112,18113,18114,18118,18119,18120,18121,18122,18123,18126,18127,18129,18130,18131,18132,18135,18136,18139,18142,18143,18152,18153,18154,18155,18158,18160,18161,18164,18166,18169,18171,18172,18173,18174,18175,18177,18178,18180,18183,18184,18187,18191,18192,18193,18195,18196,18197,18199,18201,18203,18204,18209,18212,18215,18216,18217,18218,18220,18221,18222,18224,18225,18230,18231,18232,18234,18236,18238,18239,18240,18242,18245,18247,18248,18250,18251,18252,18254,18260,18261,18265,18266,18267,18268,18270,18273,18275,18276,18277,18278,18282,18283,18286,18288,18289
020-01;20001,20006,20014,20017,20019,20022,20027,20028,20029,20030,20032,20033,20037,20040,20042,20043,20046,20048,20058,20060,20062,20065,20070,20086,20090,20100,20103,20107,20108,20109,20120,20131,20136,20141,20144,20148,20152,20154,20159,20170,20172,20174,20178,20183,20184,20185,20187,20188,20196,20197,20198,20203,20204,20205,20209,20212,20223,20224,20230,20233,20239,20240,20257,20258,20259,20261,20262,20265,20266,20270,20271,20279,20281,20282,20287,20295,20298,20301,20305,20309,20314,20323,20324,20327,20330,20332,20333,20336,20345,20348,20350,20351,20353
020-02;20002,20003,20005,20007,20008,20009,20010,20011,20012,20013,20015,20016,20018,20020,20021,20023,20024,20025,20026,20031,20034,20035,20036,20038,20039,20041,20045,20047,20049,20050,20051,20052,20053,20054,20055,20056,20057,20059,20061,20063,20064,20066,20067,20068,20069,20071,20072,20073,20074,20075,20077,20078,20079,20080,20081,20082,20083,20084,20085,20087,20088,20089,20091,20092,20093,20094,20095,20096,20097,20098,20099,20101,20102,20104,20105,20106,20110,20111,20112,20113,20114,20115,20116,20117,20118,20119,20121,20122,20123,20124,20125,20126,20127,20128,20129,20130,20132,20133,20134,20135,20137,20138,20139,20140,20142,20143,20145,20146,20147,20149,20150,20153,20155,20156,20157,20158,20160,20161,20162,20163,20164,20165,20166,20167,20168,20169,20171,20173,20175,20176,20177,20179,20180,20181,20182,20186,20189,20190,20191,20192,20193,20194,20195,20199,20200,20201,20202,20206,20207,20208,20210,20211,20213,20214,20215,20216,20217,20218,20219,20220,20221,20222,20225,20226,20227,20228,20229,20231,20232,20234,20235,20236,20238,20241,20242,20243,20244,20245,20246,20247,20248,20249,20250,20251,20252,20253,20254,20255,20256,20260,20263,20264,20267,20268,20269,20272,20273,20274,20275,20276,20277,20278,20280,20283,20284,20285,20286,20288,20289,20290,20291,20292,20293,20296,20297,20299,20300,20302,20303,20304,20306,20307,20308,20310,20311,20312,20313,20315,20316,20317,20318,20319,20320,20321,20322,20326,20328,20329,20331,20334,20335,20337,20338,20339,20340,20341,20342,20343,20344,20346,20347,20349,20352,20354,20355,20356,20357,20358,20359,20360,20361,20362,20363,20364,20365,20366
021-01;21003,21027,21059,21192,21223,21227,21255,21270,21273,21278,21315,21339,21408,21462,21478,21485,21508,21591,21617,21661
021-02;21016,21028,21038,21053,21056,21060,21071,21072,21074,21076,21079,21094,21107,21111,21135,21138,21146,21158,21167,21175,21179,21180,21215,21225,21233,21256,21268,21269,21277,21281,21316,21323,21331,21337,21348,21367,21369,21371,21376,21398,21416,21433,21437,21459,21467,21468,21469,21482,21493,21495,21496,21503,21522,21535,21540,21555,21556,21562,21571,21574,21595,21609,21610,21618,21619,21624,21639,21643,21644,21657,21680,21682,21699,21701,21713
021-03;21005,21021,21057,21067,21105,21106,21126,21130,21166,21171,21183,21209,21213,21242,21261,21292,21319,21320,21330,21351,21352,21353,21355,21370,21388,21390,21452,21473,21481,21486,21487,21507,21515,21521,21532,21605,21621,21622,21623,21632,21656
025-01;25001,25002,25021,25030,25034,25035,25036,25044,25055,25084,25090,25098,25101,25103,25104,25105,25106,25109,25115,25119,25126,25134,25136,25143,25147,25149,25150,25154,25162,25164,25171,25172,25185,25195,25209,25212,25217,25220,25225,25235,25253,25257,25258,25283,25287,25317,25326,25328,25330,25332,25336,25340,25371,25374,25379,25381,25383,25397,25399,25406,25414,25416,25427,25438,25443,25445,25448,25450,25454,25455,25460,25466,25467,25473,25475,25477,25482,25488,25500,25502,25507,25509,25510,25511,25527,25528,25536,25542,25561,25564,25593,25594,25616,25622,25631
025-02;25014,25016,25027,25045,25058,25065,25073,25076,25078,25086,25088,25092,25107,25111,25112,25116,25117,25120,25123,25129,25130,25132,25133,25137,25152,25153,25163,25186,25189,25197,25200,25208,25211,25215,25242,25245,25250,25265,25267,25269,25273,25278,25297,25300,25305,25323,25331,25339,25346,25360,25364,25368,25375,25376,25382,25395,25400,25410,25415,25417,25418,25429,25430,25434,25437,25439,25444,25468,25474,25490,25491,25495,25506,25508,25518,25532,25535,25537,25538,25557,25558,25560,25563,25566,25569,25575,25576,25579,25582,25587,25598,25599,25611,25612,25624,25628,25630,25633
027-01;27002,27004,27017,27019,27024,27027,27032,27036,27038,27043,27044,27054,27073,27076,27078,27081,27108,27111,27112,27114,27115,27119,27123,27136,27144,27145,27154,27155,27157,27158,27159,27166,27171,27172,27177,27181,27182,27183,27190,27193,27195,27198,27206,27220,27225,27230,27231,27234,27254,27256,27259,27265,27271,27273,27277,27278,27280,27291,27293,27297,27301,27303,27305,27306,27309,27312,27326,27341,27347,27350,27355,27358,27360,27368,27376,27378,27383,27387,27390,27391,27397,27400,27406,27410,27411,27416,27419,27421,27423,27429,27438,27448,27457,27464,27465,27478,27481,27484,27491,27503,27507,27510,27521,27532,27543,27544,27548,27555,27560,27565,27573,27578,27610,27611,27615,27621,27634,27643,27659,27668,27674,27678,27679,27684,27688,27689,27693,27696
027-02;27001,27009,27020,27023,27031,27033,27037,27040,27047,27050,27051,27052,27055,27057,27061,27063,27068,27069,27074,27075,27082,27095,27096,27099,27109,27113,27116,27118,27120,27125,27127,27132,27135,27137,27139,27141,27143,27147,27156,27161,27162,27164,27165,27185,27187,27189,27192,27200,27201,27210,27212,27215,27216,27217,27219,27224,27235,27238,27240,27241,27242,27253,27266,27268,27281,27282,27287,27290,27298,27299,27300,27311,27318,27323,27325,27327,27342,27345,27353,27354,27359,27364,27371,27374,27380,27389,27401,27402,27418,27424,27425,27427,27428,27431,27432,27433,27436,27439,27441,27446,27447,27451,27452,27466,27472,27486,27489,27492,27498,27502,27504,27508,27511,27524,27527,27535,27536,27546,27568,27570,27576,27584,27592,27602,27609,27618,27630,27640,27641,27642,27650,27652,27658,27663,27677,27685,27692,27695,27698
028-01;28023,28024,28034,28035,28042,28052,28054,28055,28056,28058,28060,28068,28070,28084,28094,28102,28104,28107,28110,28113,28118,28122,28135,28137,28140,28146,28158,28162,28163,28168,28172,28173,28177,28191,28195,28201,28213,28220,28227,28249,28253,28269,28275,28278,28279,28289,28298,28299,28301,28309,28343,28349,28352,28357,28358,28361,28372,28379,28380,28388,28403,28415,28417,28423,28425
028-03;28006,28010,28016,28018,28021,28022,28027,28031,28033,28038,28040,28041,28048,28063,28067,28071,28072,28078,28079,28080,28081,28086,28091,28095,28099,28100,28105,28109,28111,28112,28116,28119,28128,28139,28141,28142,28144,28148,28154,28156,28161,28165,28166,28167,28175,28192,28196,28203,28209,28214,28218,28219,28222,28225,28229,28232,28234,28236,28237,28240,28242,28245,28252,28254,28261,28264,28265,28273,28280,28281,28282,28286,28290,28302,28324,28325,28327,28331,28333,28335,28336,28337,28339,28342,28350,28354,28362,28365,28376,28378,28385,28387,28395,28401,28402,28407,28414
029-02;29011,29061,29069
029-03;29015,29017,29035,29040,29047,29076,29084,29093,29095,29098,29099,29100,29109,29112,29119,29126,29130,29149,29160,29177,29178,29190,29196,29201,29208,29209,29212,29221,29257,29260,29282,29299
030-01;30032,30034,30047,30060,30117,30125,30135,30169,30336,30356
030-04;30005,30008,30021,30029,30030,30031,30035,30048,30049,30053,30055,30056,30061,30070,30072,30086,30096,30097,30100,30101,30102,30109,30111,30113,30115,30124,30126,30131,30134,30143,30151,30152,30158,30159,30164,30165,30167,30171,30173,30175,30177,30180,30184,30187,30188,30197,30202,30204,30205,30215,30218,30223,30224,30226,30227,30228,30230,30232,30237,30240,30241,30242,30247,30248,30250,30253,30255,30259,30261,30264,30266,30268,30271,30273,30274,30275,30277,30279,30282,30284,30285,30290,30293,30294,30303,30304,30305,30313,30318,30320,30327,30338,30343,30348
030-05;30002,30009,30010,30015,30016,30017,30022,30024,30025,30026,30027,30037,30038,30040,30042,30044,30045,30046,30050,30051,30052,30054,30058,30064,30065,30066,30068,30069,30071,30074,30075,30077,30079,30080,30082,30087,30088,30090,30093,30094,30095,30098,30099,30104,30105,30106,30108,30112,30119,30120,30121,30122,30129,30130,30132,30137,30139,30140,30142,30146,30147,30148,30150,30153,30154,30157,30160,30161,30162,30163,30168,30170,30172,30176,30181,30182,30183,30190,30192,30193,30194,30195,30198,30199,30200,30201,30203,30208,30210,30213,30214,30216,30219,30220,30229,30231,30233,30234,30236,30238,30239,30243,30245,30246,30252,30263,30265,30267,30269,30270,30272,30280,30281,30283,30289,30291,30296,30297,30298,30300,30307,30309,30310,30311,30314,30316,30322,30323,30325,30329,30330,30332,30335,30339,30345,30349,30350,30353,30354
030-06;30001,30014,30039,30041,30057,30067,30110,30145,30155,30156,30174,30206,30211,30257,30262,30286,30295,30299,30301,30308,30319,30334,30337
031-01;31056,31069,31150,31351
031-02;31038,31049,31066,31094,31117,31212,31216,31273,31358,31364,31383,31388,31389,31407,31410,31459,31462,31484,31488,31489,31497,31561
031-03;31044,31053,31074,31163,31184,31215,31228,31285,31352,31355,31418,31445,31501,31511,31573
031-04;
031-09;31165,31248,31263,31420,31421,31433,31446,31458,31460,31533,31580
033-01;33069,33075
033-02;
033-03;33039,33522,33550
034-01;34129,34134,34192,34198,34270,34337
034-02;
034-03;34014,34022,34027,34033,34043,34048,34057,34058,34077,34090,34110,34112,34118,34120,34164,34169,34227,34244,34246,34249,34256,34263,34265,34288,34294,34296,34307,34309,34327,34330,34340
034-08;34023,34024,34087,34088,34095,34108,34116,34123,34159,34179,34202,34259,34295,34333
034-09;34050,34127,34145,34146,34151,34154,34176,34240,34272,34280,34321,34344
035-01;35032,35047,35055,35066,35206,35208,35266,35352,35363
035-02;35001,35024,35031,35051,35059,35067,35094,35101,35107,35128,35130,35146,35148,35152,35154,35177,35189,35233,35276,35278,35315,35317,35334,35356
035-03;35017,35022,35023,35026,35027,35029,35040,35050,35056,35058,35060,35065,35081,35085,35091,35092,35117,35120,35133,35134,35135,35143,35144,35147,35156,35158,35159,35171,35172,35180,35184,35188,35201,35203,35210,35216,35225,35226,35227,35234,35245,35258,35265,35277,35286,35290,35295,35297,35301,35302,35307,35308,35318,35320,35331,35337,35342,35344,35345,35346,35351
035-08;35076,35080,35131,35196,35240,35275,35281,35353
037-01;
037-05;37002,37013,37021,37024,37031,37036,37037,37041,37047,37055,37058,37059,37062,37068,37074,37077,37081,37082,37084,37086,37101,37102,37109,37112,37117,37120,37123,37135,37137,37139,37146,37149,37150,37151,37152,37167,37170,37182,37193,37198,37204,37206,37207,37213,37214,37217,37223,37227,37228,37231,37232,37237,37241,37245,37249,37251,37274,37279
038-01;38039,38045,38126,38229,38249,38397,38431,38471,38516
038-03;38281,38474,38540
038-04;38005,38008,38020,38021,38023,38031,38040,38052,38073,38090,38103,38106,38111,38112,38113,38115,38116,38125,38127,38128,38129,38132,38153,38154,38173,38177,38186,38187,38191,38204,38205,38207,38208,38212,38217,38224,38225,38226,38235,38237,38241,38242,38243,38253,38254,38264,38265,38266,38269,38273,38280,38283,38285,38286,38289,38299,38301,38302,38304,38313,38317,38321,38326,38329,38342,38355,38361,38366,38375,38391,38396,38403,38413,38414,38419,38424,38428,38429,38433,38436,38438,38444,38456,38462,38469,38470,38485,38486,38489,38492,38497,38499,38513,38514,38518,38521,38522,38524,38527,38534,38545,38548,38549,38550,38551,38552
038-06;38010,38011,38014,38022,38026,38050,38054,38055,38067,38083,38085,38097,38109,38135,38138,38139,38146,38176,38190,38197,38210,38247,38260,38261,38282,38294,38295,38297,38316,38320,38348,38365,38374,38392,38415,38451,38455,38458,38465,38467,38483,38488,38494,38507,38515,38525,38532,38535,38539,38541,38542,38543,38554,38557
038-10;38001,38012,38024,38029,38048,38064,38076,38091,38102,38104,38124,38136,38148,38149,38156,38162,38165,38172,38183,38193,38223,38230,38246,38250,38276,38315,38323,38339,38341,38343,38352,38354,38357,38369,38377,38381,38398,38401,38420,38449,38464,38475,38481,38498,38508,38509,38530,38537,38546,38553
042-01;42189,42223,42237,42275,42330
042-02;
043-01;43004,43007,43010,43012,43020,43021,43024,43025,43028,43032,43034,43041,43047,43049,43051,43053,43058,43066,43069,43078,43087,43091,43092,43097,43098,43101,43102,43113,43114,43115,43127,43129,43130,43134,43135,43137,43141,43142,43143,43144,43150,43153,43156,43158,43159,43162,43163,43164,43165,43166,43172,43177,43181,43184,43186,43190,43194,43199,43200,43203,43204,43205,43210,43211,43212,43213,43217,43218,43223,43224,43227,43231,43236,43240,43244,43246,43249,43253,43265,43267,43268
043-02;43001,43002,43003,43005,43006,43008,43009,43011,43013,43014,43015,43016,43017,43018,43019,43022,43023,43026,43027,43029,43030,43031,43033,43035,43036,43037,43038,43039,43040,43042,43043,43044,43045,43046,43048,43050,43052,43054,43055,43056,43057,43059,43060,43061,43062,43063,43064,43065,43067,43068,43070,43071,43072,43073,43074,43075,43076,43077,43079,43080,43081,43082,43083,43084,43085,43086,43088,43089,43090,43093,43094,43095,43096,43099,43100,43103,43104,43105,43106,43107,43108,43109,43110,43111,43112,43116,43117,43118,43119,43120,43121,43122,43123,43124,43125,43126,43128,43131,43132,43133,43136,43138,43139,43140,43145,43147,43148,43149,43151,43152,43154,43155,43160,43167,43168,43169,43170,43171,43173,43174,43175,43176,43178,43180,43182,43183,43185,43187,43188,43189,43191,43192,43193,43195,43196,43197,43198,43201,43202,43206,43207,43208,43214,43215,43216,43219,43220,43221,43222,43225,43226,43228,43229,43230,43232,43233,43234,43237,43238,43239,43241,43242,43245,43247,43250,43251,43252,43254,43255,43256,43257,43258,43259,43260,43261,43262,43263,43264
044-01;44114,44194
044-02;
044-03;44045,44047,44074,44158,44162,44203,44217
044-04;44018,44020,44024,44130,44143,44150,44171,44190
044-05;44026,44027,44028,44035,44048,44066,44073,44082,44094,44107,44110,44122,44172,44179,44201,44204,44205,44209
045-01;45024,45028,45098,45116,45130,45175,45179,45196,45202,45204,45232,45272,45274,45282,45286,45298,45317,45344
045-02;45008,45019,45020,45046,45055,45058,45059,45062,45067,45074,45075,45081,45093,45099,45109,45134,45152,45154,45166,45167,45169,45183,45203,45235,45248,45262,45264,45266,45269,45285,45296,45299,45302,45313,45326,45330,45337,45341
045-06;45034,45043,45049,45066,45082,45084,45089,45100,45101,45107,45112,45126,45142,45153,45187,45194,45197,45213,45230,45239,45242,45256,45267,45273,45283,45284,45290,45305,45308,45316,45321,45332,45334,45346
049-01;49048,49051,49065,49067,49080,49090,49093,49095,49096,49105,49129,49130,49135,49170,49189,49205,49216,49238,49241,49254,49267,49323,49330,49335,49337,49339,49344,49347,49377
049-02;49004,49029,49032,49042,49063,49074,49082,49092,49111,49117,49120,49167,49169,49199,49222,49223,49225,49246,49259,49265,49268,49278,49281,49288,49290,49300,49307,49308,49317,49318,49322,49326,49338,49351,49353
049-03;49002,49013,49017,49018,49019,49021,49025,49030,49031,49041,49044,49045,49049,49052,49062,49076,49079,49084,49087,49097,49098,49101,49106,49107,49110,49114,49116,49119,49122,49127,49128,49132,49138,49139,49143,49147,49150,49157,49159,49163,49171,49173,49174,49175,49180,49185,49188,49194,49197,49201,49202,49209,49213,49220,49221,49224,49228,49234,49237,49245,49257,49261,49272,49280,49303,49304,49311,49315,49333,49334,49361,49368,49369,49372,49374,49378,49380
049-04;49001,49003,49009,49011,49012,49022,49046,49047,49050,49053,49057,49059,49060,49066,49071,49078,49086,49091,49094,49100,49102,49104,49109,49112,49113,49115,49121,49123,49125,49131,49133,49134,49140,49141,49142,49149,49153,49154,49181,49182,49186,49191,49198,49207,49211,49215,49219,49227,49230,49232,49235,49236,49240,49253,49256,49262,49274,49279,49282,49291,49292,49302,49310,49325,49327,49336,49341,49342,49345,49346,49348,49356,49358,49359,49362,49363,49364,49365,49370,49373
049-06;49006,49020,49023,49024,49027,49028,49033,49034,49035,49039,49040,49068,49069,49072,49075,49083,49085,49126,49137,49145,49151,49160,49162,49165,49172,49177,49190,49193,49204,49212,49218,49239,49243,49244,49247,49252,49270,49276,49283,49284,49289,49295,49296,49297,49298,49306,49312,49313,49314,49316,49320,49324,49329,49360,49375
049-07;49005,49008,49010,49014,49015,49026,49036,49037,49038,49043,49054,49055,49056,49061,49064,49073,49077,49081,49088,49089,49103,49108,49136,49144,49148,49155,49156,49158,49161,49176,49178,49183,49184,49187,49196,49200,49208,49214,49217,49226,49229,49233,49242,49248,49249,49250,49251,49266,49271,49277,49294,49305,49309,49319,49321,49331,49354,49366,49367,49376
051-01;51025,51043,51051,51055,51074,51075,51088,51101,51102,51171,51183,51261,51293,51299,51318,51329,51362,51439,51444,51477,51518,51568,51633,51660,51662
051-02;51012,51013,51014,51020,51037,51038,51048,51058,51063,51069,51072,51073,51077,51081,51086,51089,51109,51111,51118,51120,51136,51140,51145,51177,51181,51187,51188,51194,51198,51199,51201,51225,51245,51250,51267,51282,51291,51294,51305,51308,51309,51310,51314,51321,51337,51348,51364,51365,51379,51382,51391,51398,51414,51418,51422,51425,51429,51437,51448,51457,51464,51466,51468,51471,51474,51479,51480,51484,51523,51527,51534,51569,51573,51577,51581,51582,51586,51591,51592,51604,51622,51624,51637,51657
051-03;51002,51007,51028,51030,51031,51033,51034,51042,51044,51045,51050,51056,51064,51070,51071,51076,51079,51085,51100,51110,51112,51113,51115,51116,51119,51121,51124,51128,51129,51137,51152,51153,51157,51163,51170,51173,51174,51175,51185,51186,51190,51192,51202,51204,51210,51217,51230,51233,51235,51236,51237,51238,51247,51249,51252,51256,51258,51263,51264,51266,51287,51298,51304,51306,51320,51331,51333,51338,51344,51345,51346,51347,51350,51359,51360,51375,51376,51380,51381,51386,51390,51392,51393,51395,51396,51402,51407,51410,51416,51428,51431,51443,51445,51450,51459,51460,51461,51465,51473,51488,51530,51532,51536,51542,51560,51563,51564,51570,51571,51576,51579,51580,51585,51596,51597,51605,51607,51609,51613,51614,51618,51623,51625,51626,51629,51631,51636,51639,51641,51643,51644,51663
051-04;51003,51015,51019,51027,51046,51047,51052,51053,51054,51061,51062,51078,51082,51083,51097,51104,51105,51108,51126,51132,51133,51138,51139,51143,51147,51160,51161,51166,51168,51172,51191,51197,51203,51205,51206,51211,51213,51214,51216,51222,51228,51229,51232,51242,51253,51255,51272,51274,51278,51280,51283,51292,51301,51307,51312,51317,51326,51336,51341,51355,51368,51370,51388,51389,51397,51399,51403,51404,51424,51440,51447,51449,51452,51453,51456,51470,51476,51483,51485,51486,51487,51491,51493,51498,51500,51501,51503,51504,51505,51506,51507,51515,51517,51519,51529,51533,51537,51543,51544,51546,51547,51549,51553,51559,51562,51572,51584,51587,51588,51599,51600,51610,51617,51619,51620,51621,51632,51640,51646,51650,51656,51659
053-01;53007,53010,53013,53016,53034,53038,53043,53049,53052,53053,53054,53056,53059,53065,53083,53085,53092,53094,53097,53099,53105,53106,53113,53120,53122,53134,53139,53140,53141,53153,53156,53159,53161,53163,53175,53185,53187,53198,53205,53207,53208,53218,53221,53223,53224,53229,53236,53239,53244,53246,53249,53252,53256,53262,53266,53271,53272,53274,53276
053-02;53001,53004,53006,53009,53011,53012,53014,53017,53018,53019,53022,53025,53027,53029,53030,53032,53033,53035,53036,53037,53041,53046,53050,53058,53062,53063,53066,53067,53068,53073,53075,53076,53077,53078,53082,53084,53087,53088,53089,53090,53095,53098,53101,53102,53104,53110,53117,53119,53124,53128,53135,53136,53138,53143,53145,53148,53150,53151,53152,53157,53165,53168,53172,53178,53180,53184,53186,53188,53191,53192,53193,53197,53201,53203,53206,53210,53212,53214,53215,53220,53228,53231,53232,53233,53240,53241,53242,53248,53250,53251,53253,53254,53255,53257,53258,53259,53260,53264,53265,53267,53273
054-01;54006,54012,54089,54090,54100,54113,54150,54165,54168,54184,54186,54289,54296,54305,54339,54358,54374,54439,54482,54495,54498,54510,54558
054-02;54257,54265,54274,54304,54328,54547,54578
057-01;57017,57019,57049,57111,57211,57283,57303,57412,57415,57433,57443,57452,57481,57487,57511,57543,57545,57546,57591,57593,57620,57622,57634,57642,57645,57663,57751
057-02;57021,57030,57032,57039,57116,57134,57137,57139,57140,57146,57147,57153,57162,57184,57212,57218,57231,57251,57254,57256,57350,57351,57352,57396,57403,57416,57422,57445,57447,57454,57472,57480,57515,57527,57532,57534,57547,57548,57552,57553,57554,57578,57601,57605,57617,57624,57643,57652,57653,57655,57701,57707,57708,57715,57722,57737
057-03;57020,57024,57028,57031,57037,57043,57055,57057,57075,57121,57125,57127,57128,57129,57142,57145,57148,57155,57156,57193,57200,57204,57219,57220,57249,57307,57385,57392,57425,57431,57432,57438,57449,57467,57482,57510,57512,57523,57533,57563,57572,57575,57607,57612,57616,57626,57627,57648,57649,57654,57656,57671,57676,57677,57693,57694,57716,57718,57736
059-01;59220,59360
059-02;59009,59346,59410,59507
059-03;59003,59006,59012,59021,59031,59045,59050,59053,59062,59065,59066,59070,59072,59076,59077,59078,59101,59104,59142,59147,59148,59151,59157,59169,59174,59175,59177,59181,59186,59190,59198,59225,59226,59229,59230,59231,59232,59233,59240,59249,59261,59264,59277,59306,59310,59315,59324,59342,59347,59357,59365,59370,59385,59392,59396,59420,59441,59442,59445,59483,59493,59495,59514,59529,59534,59548,59555,59562,59563,59572,59573,59583,59584,59601,59618,59627,59633,59649,59659,59661
059-04;59152,59173,59328,59356,59368,59386,59457,59482,59527,59611,59636,59643,59656
059-07;59163,59299,59332,59339,59367,59598,59646
059-08;59650
059-09;59090,59378,59421
059-10;59098,59279,59352,59426,59508
059-11;59017,59056,59088,59128,59143,59195,59196,59201,59202,59208,59252,59278,59317,59371,59470,59487,59566
059-12;59033,59035,59037,59041,59057,59058,59060,59061,59063,59068,59069,59075,59081,59093,59099,59102,59103,59108,59116,59127,59132,59134,59138,59164,59187,59188,59194,59204,59213,59217,59218,59223,59241,59242,59243,59246,59251,59259,59265,59270,59283,59289,59290,59291,59296,59323,59325,59331,59333,59344,59351,59353,59363,59374,59381,59384,59406,59415,59424,59425,59439,59451,59461,59464,59467,59468,59472,59473,59474,59481,59485,59490,59494,59502,59503,59506,59518,59525,59528,59533,59537,59541,59542,59543,59547,59549,59556,59558,59565,59571,59575,59607,59608,59612,59614,59617,59619,59622,59626,59635,59639,59640
059-13;59131,59154,59155,59248,59271,59540
059-14;59016,59046,59067,59082,59083,59089,59094,59107,59110,59111,59130,59159,59162,59182,59200,59210,59260,59272,59273,59305,59307,59309,59319,59326,59337,59338,59340,59358,59359,59397,59402,59404,59433,59448,59463,59478,59499,59532,59538,59539,59570,59576,59579,59588,59605,59628,59641,59647,59657,59663,59664,59665,59666,59668
060-01;60003,60004,60014,60017,60026,60039,60041,60058,60075,60077,60081,60082,60084,60085,60103,60104,60111,60112,60113,60123,60131,60133,60137,60146,60153,60158,60161,60163,60168,60177,60178,60179,60182,60183,60186,60199,60200,60201,60216,60221,60222,60230,60232,60237,60240,60242,60243,60250,60251,60252,60253,60262,60265,60267,60268,60269,60276,60283,60285,60290,60299,60302,60304,60310,60311,60314,60328,60336,60339,60355,60357,60364,60365,60372,60374,60376,60377,60387,60390,60394,60396,60399,60400,60403,60416,60418,60425,60436,60440,60442,60456,60457,60458,60460,60461,60465,60466,60468,60470,60480,60484,60485,60486,60490,60493,60495,60496,60497,60498,60503,60514,60515,60518,60520,60522,60526,60535,60542,60544,60549,60550,60553,60555,60556,60557,60564,60565,60573,60581,60585,60590,60595,60608,60609,60615,60627,60628,60634,60639,60643,60646,60648,60653,60663,60664,60668,60673,60688,60692,60698,60701,60702
060-02;60001,60002,60009,60029,60030,60038,60049,60051,60054,60063,60065,60073,60076,60080,60089,60090,60095,60096,60097,60098,60108,60109,60110,60114,60122,60128,60135,60136,60140,60143,60164,60165,60169,60180,60187,60193,60194,60195,60196,60205,60208,60209,60211,60214,60217,60219,60220,60228,60233,60235,60239,60244,60245,60248,60257,60264,60271,60275,60277,60280,60286,60288,60289,60293,60295,60296,60297,60298,60300,60301,60303,60306,60312,60313,60315,60316,60319,60322,60327,60330,60331,60333,60334,60335,60343,60344,60347,60352,60353,60354,60356,60359,60361,60363,60367,60371,60388,60397,60401,60405,60407,60411,60412,60420,60426,60428,60433,60435,60437,60444,60453,60455,60462,60469,60472,60476,60477,60487,60504,60510,60516,60521,60523,60528,60545,60566,60567,60571,60575,60576,60577,60583,60586,60588,60591,60592,60594,60596,60598,60599,60602,60604,60605,60611,60613,60614,60616,60620,60622,60623,60624,60626,60629,60630,60633,60640,60644,60645,60649,60652,60659,60660,60662,60677,60681,60685,60687,60690,60691,60694,60697,60699,60700,60703
060-03;60010,60012,60018,60044,60060,60074,60086,60088,60139,60144,60155,60162,60173,60185,60197,60212,60218,60246,60249,60256,60259,60309,60321,60370,60391,60393,60395,60398,60414,60417,60427,60429,60450,60452,60512,60513,60517,60532,60570,60584,60601,60635,60651,60678,60686
060-05;60023,60024,60025,60027,60032,60064,60066,60067,60068,60072,60083,60125,60145,60149,60167,60171,60176,60184,60188,60203,60207,60223,60229,60231,60254,60260,60272,60274,60284,60305,60308,60318,60324,60325,60326,60337,60338,60369,60402,60424,60430,60438,60441,60445,60447,60479,60481,60491,60531,60534,60540,60543,60552,60561,60569,60572,60578,60579,60593,60597,60618,60641,60647,60650,60658,60661,60665,60672,60674
060-06;60011,60019,60021,60035,60037,60043,60048,60052,60053,60055,60059,60061,60062,60070,60071,60093,60099,60105,60117,60118,60119,60121,60124,60126,60127,60129,60132,60147,60150,60151,60156,60160,60166,60174,60181,60189,60191,60192,60198,60204,60206,60227,60236,60255,60258,60263,60270,60273,60278,60281,60287,60291,60292,60294,60323,60329,60340,60348,60350,60351,60362,60368,60373,60378,60379,60381,60382,60383,60386,60389,60392,60408,60410,60423,60431,60434,60443,60449,60459,60471,60474,60483,60488,60492,60499,60501,60502,60506,60507,60511,60519,60533,60537,60538,60558,60582,60603,60610,60617,60621,60625,60632,60636,60642,60654,60655,60657,60675,60676,60689,60693
060-07;60006,60007,60008,60013,60015,60016,60034,60036,60040,60042,60050,60078,60102,60106,60107,60115,60116,60120,60130,60134,60152,60154,60157,60210,60215,60225,60234,60247,60307,60317,60332,60342,60345,60360,60366,60375,60404,60406,60409,60439,60451,60454,60463,60464,60524,60529,60530,60539,60547,60551,60559,60562,60563,60568,60574,60587,60638,60669,60684
062-03;62033,62065,62133,62311,62351,62413,62498,62523,62528,62628,62666,62771
062-11;62215,62249,62250,62274,62277,62321,62427,62497,62587,62624,62637,62724,62907
063-01;63019,63042,63063,63124,63164,63204,63417
063-03;63006,63007,63009,63017,63020,63024,63026,63028,63032,63038,63047,63070,63071,63073,63075,63077,63080,63083,63084,63087,63097,63098,63109,63111,63117,63122,63123,63127,63129,63134,63141,63144,63153,63163,63169,63172,63176,63183,63189,63190,63192,63199,63202,63219,63220,63234,63236,63246,63247,63248,63250,63254,63257,63259,63263,63264,63274,63279,63299,63303,63305,63308,63313,63315,63326,63330,63335,63336,63342,63345,63346,63357,63380,63383,63386,63395,63396,63397,63401,63403,63407,63409,63421,63426,63429,63435,63437,63440,63449,63451,63452
063-04;63005,63014,63018,63021,63022,63029,63031,63034,63036,63046,63049,63050,63051,63052,63054,63059,63069,63074,63078,63079,63088,63091,63096,63106,63114,63120,63121,63126,63145,63154,63156,63160,63166,63177,63178,63182,63185,63188,63205,63209,63214,63222,63226,63227,63229,63241,63242,63255,63261,63262,63266,63268,63269,63270,63272,63273,63275,63277,63280,63282,63287,63296,63297,63302,63306,63307,63321,63325,63340,63348,63350,63352,63356,63366,63367,63375,63376,63378,63389,63392,63404,63405,63411,63413,63415,63422,63423,63425,63439,63442,63444,63445,63448,63453,63455,63456,63457,63458,63466,63472
064-01;64037,64060,64080,64121,64129,64142,64183,64198,64237,64335,64348,64373,64387,64413,64448,64467,64511,64525,64549,64550
064-02;64001,64002,64021,64023,64027,64041,64053,64054,64058,64059,64067,64068,64089,64091,64095,64097,64101,64103,64109,64111,64114,64119,64132,64133,64137,64138,64145,64148,64152,64173,64174,64191,64208,64211,64212,64216,64227,64238,64246,64257,64262,64266,64269,64270,64292,64293,64302,64309,64329,64338,64339,64343,64344,64346,64352,64358,64370,64372,64376,64386,64395,64398,64399,64400,64405,64417,64419,64438,64439,64444,64451,64452,64453,64454,64465,64469,64470,64472,64482,64488,64498,64507,64515,64516,64518,64519,64520,64526,64544
064-03;64003,64005,64028,64042,64043,64044,64048,64052,64056,64057,64061,64063,64070,64072,64073,64074,64077,64078,64079,64082,64084,64087,64088,64090,64098,64108,64112,64117,64118,64131,64135,64139,64141,64143,64144,64146,64153,64158,64159,64167,64168,64170,64171,64172,64177,64179,64180,64181,64182,64184,64190,64192,64193,64194,64195,64196,64197,64199,64200,64203,64205,64210,64219,64226,64230,64232,64233,64234,64236,64239,64243,64254,64284,64286,64288,64290,64291,64295,64296,64299,64300,64301,64305,64306,64307,64308,64311,64312,64315,64318,64321,64323,64324,64325,64331,64332,64334,64337,64347,64349,64355,64356,64357,64359,64361,64365,64366,64367,64369,64374,64380,64382,64383,64385,64388,64389,64390,64392,64393,64394,64396,64397,64401,64406,64408,64410,64415,64418,64430,64431,64440,64442,64443,64446,64447,64450,64455,64456,64457,64461,64462,64464,64471,64474,64478,64479,64486,64491,64494,64499,64500,64501,64503,64505,64510,64512,64514,64517,64521,64523,64524,64532,64534,64535,64536,64541,64548,64552,64554,64556,64557,64560
065-01;65003,65005,65006,65009,65010,65012,65014,65015,65016,65017,65023,65024,65026,65027,65028,65031,65034,65037,65039,65041,65042,65043,65044,65046,65047,65050,65051,65053,65054,65058,65059,65060,65062,65063,65064,65066,65068,65069,65071,65074,65075,65076,65078,65079,65081,65083,65084,65085,65086,65087,65088,65090,65091,65092,65093,65094,65095,65096,65097,65099,65101,65103,65104,65105,65106,65108,65109,65110,65111,65113,65115,65116,65117,65118,65120,65122,65123,65124,65125,65126,65127,65128,65129,65131,65132,65133,65134,65135,65136,65139,65140,65141,65142,65143,65146,65147,65148,65149,65150,65151,65153,65154,65155,65156,65157,65158,65159,65162,65163,65165,65166,65167,65170,65171,65172,65175,65177,65178,65179,65180,65181,65183,65184,65186,65187,65190,65193,65194,65195,65198,65199,65204,65205,65206,65207,65208,65209,65211,65212,65213,65214,65216,65217,65218,65222,65224,65225,65228,65229,65230,65231,65232,65234,65238,65239,65241,65245,65249,65250,65253,65255,65256,65258,65259,65260,65261,65263,65265,65266,65270,65272,65274,65275,65276,65277,65278,65279,65282,65283,65285,65287,65288,65289,65290,65293,65294,65298,65300,65301,65303,65305,65306,65307,65308,65309,65310,65312,65315,65316,65317,65318,65319,65320,65321,65322,65323,65324,65326,65327,65328,65329,65332,65333,65335,65336,65337,65338,65340,65342,65346,65347,65353,65354,65356,65357,65358,65359,65363,65367,65368,65369,65370,65373,65374,65376,65377,65378,65379,65380,65381,65382,65383,65384,65385,65388,65389,65391,65394,65398,65401,65402,65404,65405,65407,65408,65410,65416,65417,65419,65423,65426,65427,65430,65431,65436,65437,65441,65442,65443,65444,65445,65447,65448,65449,65450,65451,65452,65453,65455,65456,65459,65461,65464,65465,65466,65468,65471,65474,65475,65482
065-02;65001,65002,65004,65007,65011,65013,65018,65019,65020,65021,65022,65025,65029,65032,65033,65035,65036,65038,65040,65045,65048,65049,65052,65055,65056,65057,65061,65065,65067,65070,65072,65073,65077,65080,65082,65089,65098,65100,65102,65107,65112,65114,65119,65121,65130,65137,65138,65144,65145,65160,65161,65164,65168,65169,65173,65174,65176,65182,65185,65188,65189,65191,65192,65196,65197,65200,65201,65202,65203,65210,65215,65219,65220,65221,65223,65226,65233,65235,65236,65237,65240,65242,65243,65244,65247,65248,65251,65252,65254,65257,65262,65264,65267,65268,65269,65271,65273,65280,65281,65284,65286,65291,65292,65295,65296,65297,65299,65304,65311,65313,65314,65325,65330,65331,65334,65339,65341,65343,65344,65345,65348,65349,65350,65351,65352,65355,65360,65361,65362,65364,65366,65371,65372,65375,65386,65387,65390,65392,65393,65395,65396,65397,65399,65400,65403,65406,65409,65411,65412,65413,65414,65415,65418,65420,65421,65422,65424,65425,65428,65429,65432,65433,65435,65438,65439,65446,65454,65457,65458,65460,65462,65463,65467,65469,65470,65472,65473,65476,65477,65478,65479,65480,65481
066-01;66021,66028,66038,66144,66213
066-02;66002,66006,66007,66017,66019,66035,66037,66039,66041,66042,66046,66050,66069,66071,66076,66077,66083,66092,66094,66096,66097,66107,66118,66127,66138,66139,66141,66143,66151,66152,66156,66158,66164,66169,66171,66176,66180,66182,66184,66186,66187,66189,66190,66198,66201,66205,66212,66215,66216,66224,66231,66232,66234
066-03;66004,66005,66010,66012,66013,66014,66020,66022,66023,66025,66027,66030,66034,66036,66040,66043,66045,66047,66051,66052,66054,66055,66056,66057,66058,66062,66064,66066,66067,66068,66070,66072,66073,66074,66075,66078,66079,66080,66081,66082,66085,66086,66088,66089,66090,66095,66098,66100,66102,66103,66104,66105,66108,66109,66111,66117,66119,66120,66121,66122,66123,66124,66125,66128,66130,66132,66140,66142,66146,66147,66149,66153,66154,66155,66157,66159,66161,66162,66165,66166,66167,66172,66173,66174,66181,66185,66188,66191,66192,66193,66195,66197,66202,66204,66209,66218,66219,66220,66221,66222,66223,66228,66230
067-01;
067-02;67218
067-03;67043,67204,67389,67447,67471
068-05;68055,68056,68070,68084,68093,68101,68118,68129,68218,68271,68278,68384,68386
068-06;68015,68020,68021,68022,68054,68064,68072,68103,68132,68144,68154,68160,68163,68166,68170,68174,68195,68197,68198,68238,68253,68254,68256,68265,68267,68270,68289,68300,68301,68309,68323,68324,68327,68341,68353,68357,68376,68382
069-01;
069-02;
069-03;
069-04;
069-13;69271,69275,69277,69279,69280,69282,69285,69287,69288,69299
069-14;69199,69259,69273,69276,69296
071-04;71001,71002,71004,71013,71018,71023,71026,71027,71028,71029,71033,71044,71045,71052,71056,71058,71061,71064,71079,71080,71081,71089,71092,71093,71094,71097,71101,71121,71143,71154,71157,71158,71167,71168,71173,71175,71177,71193,71194,71195,71196,71198,71204,71205,71206,71207,71208,71209,71213,71219,71228,71234,71243,71244,71245,71246,71248,71249,71252,71254,71256,71261,71263,71265,71274,71284,71293,71295,71300,71303,71308,71311,71312,71314,71318,71319,71326,71328,71332,71336,71338,71351,71352,71353,71357,71359,71364,71365,71366,71367,71373,71377,71379,71380,71384,71386,71396,71398,71401,71402,71405,71410,71419,71420,71454,71456,71462,71484,71489,71502,71506,71508,71512,71514,71516,71519,71522,71523,71528,71534,71538,71541,71543,71548,71549,71550,71558,71568,71572,71576,71577,71580,71585
071-05;71034,71037,71038,71040,71070,71072,71102,71103,71117,71118,71124,71159,71187,71189,71201,71216,71247,71253,71269,71277,71282,71283,71296,71302,71306,71309,71310,71324,71333,71390,71392,71412,71422,71426,71435,71436,71444,71445,71449,71455,71461,71471,71475,71482,71485,71486,71498,71501,71503,71505,71515,71520,71540,71555,71579
072-01;72001,72005,72006,72011,72012,72024,72029,72033,72034,72036,72043,72056,72065,72066,72078,72079,72082,72089,72097,72109,72111,72113,72119,72120,72121,72138,72139,72141,72142,72145,72152,72157,72164,72186,72197,72198,72199,72209,72211,72212,72216,72218,72219,72225,72229,72234,72235,72249,72254,72255,72256,72261,72266,72273,72282,72284,72294,72297,72305,72308,72309,72315,72319,72320,72321,72323,72332,72334,72337,72351,72355,72360,72362,72370,72380
072-02;72007,72008,72042,72046,72053,72054,72058,72090,72094,72129,72165,72178,72224,72231,72241,72260,72271,72275,72298,72300,72303,72328,72329,72335,72341,72345,72358,72359,72361,72382,72386
072-04;72003,72004,72009,72010,72016,72017,72019,72021,72022,72044,72045,72050,72059,72070,72073,72074,72075,72083,72096,72100,72106,72107,72123,72126,72127,72130,72131,72133,72136,72146,72149,72151,72163,72166,72167,72168,72169,72177,72179,72184,72195,72223,72228,72230,72232,72236,72237,72239,72244,72247,72253,72257,72264,72274,72278,72280,72293,72307,72312,72336,72339,72343,72344,72346,72347,72348,72367,72377,72378,72379,72381
072-05;72002,72015,72018,72020,72023,72026,72031,72032,72037,72038,72039,72040,72041,72048,72057,72062,72067,72069,72076,72080,72081,72086,72088,72091,72093,72095,72099,72101,72102,72104,72105,72112,72114,72116,72118,72122,72132,72137,72144,72147,72148,72150,72156,72158,72162,72170,72171,72172,72174,72180,72188,72189,72192,72193,72194,72196,72201,72202,72205,72207,72208,72214,72215,72217,72220,72222,72227,72233,72238,72245,72246,72251,72258,72259,72265,72267,72270,72276,72277,72281,72288,72289,72290,72292,72295,72296,72301,72302,72310,72313,72316,72317,72318,72322,72324,72326,72331,72333,72338,72340,72342,72349,72352,72353,72354,72363,72366,72372,72373,72374,72375,72383
074-01;74003,74011,74019,74022,74026,74035,74036,74046,74062,74076,74095,74098,74102,74112,74117,74120,74137,74141,74151,74152,74161,74165,74170,74176,74179,74181,74182,74192,74198,74202,74204,74213,74217,74225,74231,74245,74255,74257,74272,74274,74275,74282,74283,74289,74292,74297,74299,74303,74307
074-02;74002,74004,74027,74045,74054,74060,74061,74067,74072,74079,74080,74084,74093,74097,74104,74108,74111,74123,74135,74136,74138,74142,74147,74148,74160,74167,74186,74187,74194,74219,74232,74233,74234,74239,74242,74254,74265,74267,74268,74270,74280,74302,74310
075-01;
075-02;
075-03;
075-04;
075-05;
075-06;
075-07;
075-08;
075-09;
075-10;
075-11;
075-12;
075-13;
075-14;
075-15;
075-16;
075-17;
075-18;
076-01;76216,76451
076-03;76484,76498,76575,76681
076-07;76167,76238,76270,76275,76404,76409,76447,76477,76481,76534,76552,76616
076-08;76296,76305,76341
078-01;78297,78423
078-02;78117,78128,78143,78160,78162,78193,78322,78334,78343,78356,78406,78548,78561,78575,78590,78620,78640,78686,78688
080-01;80001,80009,80011,80020,80024,80078,80082,80089,80093,80100,80113,80117,80123,80135,80137,80145,80147,80155,80163,80164,80166,80171,80180,80187,80200,80205,80215,80221,80229,80241,80249,80260,80262,80268,80281,80296,80305,80318,80341,80344,80346,80348,80380,80385,80408,80416,80423,80466,80486,80489,80502,80512,80535,80537,80566,80574,80584,80588,80609,80619,80622,80635,80639,80671,80706,80711,80716,80718,80738,80742,80778,80779,80792,80793,80795,80804,80819,80830,80835,80836
080-02;80107,80131,80159,80160,80213,80246,80256,80261,80291,80337,80376,80379,80387,80403,80405,80424,80632,80668,80674,80690,80696,80702,80717,80724,80725,80730,80752,80791
081-01;81003,81010,81014,81017,81019,81023,81026,81028,81031,81037,81042,81047,81052,81053,81059,81062,81071,81074,81077,81079,81082,81085,81086,81088,81089,81091,81094,81096,81097,81103,81113,81119,81122,81124,81125,81128,81133,81134,81137,81141,81147,81153,81155,81158,81161,81167,81177,81182,81183,81188,81190,81192,81193,81198,81199,81203,81211,81218,81221,81222,81226,81227,81232,81233,81240,81241,81247,81252,81256,81257,81259,81260,81264,81267,81268,81274,81282,81284,81287,81295,81296,81301,81303,81305,81308,81314,81317
081-02;81007,81008,81009,81012,81013,81018,81020,81024,81029,81033,81035,81038,81039,81041,81043,81045,81046,81048,81051,81056,81060,81061,81063,81064,81067,81068,81069,81070,81072,81073,81080,81087,81090,81093,81095,81099,81101,81105,81106,81108,81110,81111,81112,81114,81117,81123,81131,81135,81136,81138,81144,81145,81146,81148,81149,81152,81154,81156,81164,81165,81166,81168,81169,81170,81171,81172,81175,81176,81178,81180,81184,81185,81186,81187,81191,81197,81201,81202,81206,81208,81215,81217,81220,81224,81225,81228,81230,81234,81243,81244,81245,81246,81248,81249,81253,81254,81262,81263,81265,81272,81275,81276,81277,81279,81280,81283,81285,81290,81291,81292,81293,81294,81297,81300,81302,81304,81306,81309,81313,81316,81319,81320,81322,81326
081-03;81001,81002,81005,81006,81011,81015,81016,81021,81022,81025,81027,81030,81032,81034,81036,81040,81044,81049,81050,81054,81055,81058,81066,81075,81076,81078,81081,81083,81084,81092,81098,81100,81102,81104,81109,81115,81116,81118,81120,81121,81126,81127,81129,81130,81132,81139,81140,81142,81143,81150,81151,81157,81159,81160,81162,81163,81173,81174,81179,81181,81189,81195,81196,81200,81204,81205,81207,81209,81210,81212,81213,81214,81216,81219,81223,81229,81231,81235,81236,81237,81238,81239,81242,81250,81251,81255,81258,81261,81266,81269,81270,81271,81273,81278,81281,81286,81288,81289,81298,81299,81307,81310,81311,81312,81315,81318,81321,81323,81324,81325
083-01;
083-02;83017,83053,83054,83090,83103,83130,83131,83132,83144
084-03;84001,84011,84016,84039,84043,84072,84080,84088,84101,84108,84129,84141,84142,84143
084-05;84002,84003,84004,84005,84006,84009,84010,84013,84014,84017,84018,84024,84030,84032,84033,84041,84046,84047,84048,84050,84051,84052,84057,84060,84066,84067,84070,84075,84076,84077,84079,84082,84084,84085,84089,84090,84102,84103,84105,84107,84109,84112,84113,84114,84115,84118,84120,84121,84122,84123,84133,84144,84145,84148,84151
085-01;85003,85006,85015,85019,85024,85030,85047,85055,85062,85081,85084,85086,85089,85095,85096,85098,85102,85108,85129,85130,85142,85150,85155,85165,85169,85178,85190,85197,85202,85204,85208,85210,85212,85246,85260,85262,85272,85279,85280,85300
085-02;85004,85008,85010,85016,85022,85023,85026,85034,85036,85043,85046,85050,85051,85052,85054,85061,85069,85073,85074,85077,85093,85099,85101,85103,85114,85116,85118,85127,85135,85138,85152,85156,85157,85160,85161,85171,85175,85179,85192,85193,85200,85201,85206,85211,85213,85218,85220,85231,85232,85236,85250,85261,85266,85276,85277,85278,85282,85285,85288,85291,85294,85307
086-01;86002,86016,86028,86030,86031,86041,86048,86053,86058,86060,86062,86071,86073,86076,86089,86095,86114,86115,86124,86135,86144,86146,86150,86158,86160,86163,86177,86198,86219,86222,86226,86256,86261,86268,86271,86277,86281,86292,86299,86300
086-02;86010,86017,86021,86024,86027,86050,86056,86065,86074,86088,86094,86099,86100,86102,86105,86113,86121,86123,86133,86142,86145,86147,86148,86157,86166,86178,86180,86204,86208,86209,86214,86263,86284,86290,86293,86294,86297
087-01;87002,87004,87005,87009,87016,87020,87024,87035,87040,87042,87043,87051,87058,87062,87064,87065,87070,87086,87093,87099,87104,87105,87113,87114,87117,87123,87125,87129,87130,87132,87134,87142,87147,87153,87156,87157,87161,87167,87170,87178,87183,87190,87193,87194
087-02;87001,87015,87019,87021,87025,87027,87029,87030,87031,87032,87034,87036,87037,87039,87044,87046,87048,87049,87054,87060,87063,87066,87071,87072,87073,87077,87078,87081,87082,87084,87088,87091,87092,87094,87095,87096,87106,87110,87111,87112,87115,87119,87120,87124,87126,87127,87131,87135,87137,87138,87140,87141,87144,87146,87148,87150,87151,87154,87158,87162,87164,87166,87168,87169,87174,87176,87177,87185,87186,87187,87188,87189,87191,87192,87199,87201,87203,87204,87205
087-03;87003,87006,87007,87008,87011,87012,87013,87014,87017,87018,87022,87023,87026,87028,87033,87038,87041,87045,87047,87050,87052,87053,87055,87056,87057,87059,87061,87067,87068,87069,87074,87075,87076,87079,87080,87083,87087,87089,87090,87097,87100,87101,87103,87107,87108,87109,87116,87118,87121,87122,87128,87133,87136,87139,87143,87145,87149,87152,87155,87159,87160,87163,87165,87172,87173,87179,87180,87181,87182,87184,87195,87196,87197,87198,87200,87202,87206
090-01;90001,90002,90009,90012,90013,90014,90017,90018,90019,90021,90024,90025,90026,90027,90028,90030,90031,90032,90033,90034,90036,90043,90045,90046,90047,90048,90049,90050,90051,90053,90055,90056,90059,90060,90062,90063,90064,90067,90068,90069,90070,90071,90072,90073,90074,90076,90077,90080,90081,90082,90083,90084,90090,90094,90095,90096,90100,90101,90104,90105
090-02;90003,90004,90005,90006,90007,90008,90011,90015,90016,90020,90022,90023,90029,90035,90037,90039,90041,90042,90044,90052,90054,90057,90058,90061,90065,90066,90075,90078,90079,90085,90086,90087,90088,90089,90091,90093,90097,90098,90099,90102,90103
092-01;92036,92078
092-02;92004
092-03;92009,92035
092-06;92051,92062
092-08;92022,92047,92072,92076,92077
092-09;
092-10;92040,92075
093-01;93031,93039,93070
093-02;93059,93079
093-09;93045,93053,93061,93063
093-10;93005,93057
094-01;94011,94068
094-02;94022,94054
094-05;94015,94052,94058
094-09;94002
094-10;94041,94043
094-11;94003,94016,94076
095-02;95026,95042,95056,95218,95313,95353,95392,95394,95430,95445,95450,95456,95480,95504,95566,95572,95594,95652,95660,95678
095-07;95028,95091,95199,95205,95229,95288,95395,95409,95428,95489,95492,95539
095-08;95019,95088,95268,95680
095-10;95074,95078,95183,95323,95388,95476,95510,95637
974-01;
974-02;97407,97408
974-03;97403,97422,97424
974-05;97402,97406,97410,97417,97419,97421
974-06;97418,97420
974-07;97401,97404,97413,97423
